Name,Link
SBA Economic Injury Disaster Loan Program,https://disasterloan.sba.gov/ela/Account/Login
San Francisco COVID-19 Small Business Resiliency Fund,https://oewd.org/file/17350
City of Los Angeles Small Business Emergency Microloan Program,https://ewddlacity.com/index.php/microloan-program
Denver Small Business Emergency Relief,https://www.denvergov.org/content/denvergov/en/environmental-health/news/coronavirus-info/support-services/small-business-emergency-relief-program-form.html
"Florida Small Business Emergency Bridge Loan Program

",http://floridajobs.org/rebuildflorida/businessrecovery
Chicago Small Business Resiliency Fund,https://www.surveymonkey.com/r/COVID19Chicago
Michigan Small Business Relief Program,https://www.michiganbusiness.org/covid19/
New York City Employee Retention Grant Program,https://www1.nyc.gov/nycbusiness/article/nyc-employee-retention-grant-program
New York City Small Business Continuity Fund,https://www.surveymonkey.com/r/N336ZYB
"Beaverton Emergency Business Assistance Program

",https://www.beavertonoregon.gov/FormCenter/Business-Assistance-25/Emergency-Business-Assistance-Program-Ap-143
Hillsboro Small Business Emergency Relief Program,https://apps.hillsboro-oregon.gov/ebap
"Jade District-Old Town COVID-19 Small Business Response Fund

",https://www.apano.org/jade-district-covid-19-small-business-response-fund/
Amazon Neighborhood Small Business Relief Fund,https://amazonsmallbusinessrelief.force.com/SelfRegisterPage
Facebook Small Business Grants Program,https://www.facebook.com/business/boost/grant
